"954e6f56-bb26-4fe0-8fcd-6a1237e0604b","Bugs are always annoying."
"75890217-4f17-4618-809f-2ad4c4f1df73","Bugs are always annoying."
"b184b181-435f-4832-8060-7827e15d23d8","Bugs are always annoying."
"4a4aae48-bfad-49d6-a4f4-82a59db9a45d","Bugs are always annoying."
"c23168d2-caf3-4b7c-8fbb-14c2c8019191","Bugs are always annoying."
"757cb813-3f7e-433e-9450-b6b8244cd535","Bugs are always annoying."
"e161ec61-fcf6-4960-996a-47fcb284473f","Bugs are always annoying."
"0ee52540-0af8-45ab-956b-fa039da37ddd","Bugs are always annoying."
"05e7e32c-72eb-46ce-a194-38450689b857","Bugs are always annoying."
"ffb76a14-5738-4ea5-9bd1-375b9e5ff19a","Bugs are always annoying."
"60620b65-abe9-4b78-9ffa-c321e4d9e782","Bugs are always annoying."
